"","ID","X","Y","Name","Code","q1_change","q2_change","q4_change","q5_change","q6_change","q7_change","q8_change","q9_change","q11_change","q14_change","q16_change","q18_change","q21_change","q23_change","agg_change"
"1",1,6.720396,53.603091,"Borkum","A1",0.52,0.79,0.0600000000000001,0.1,0.07,0.73,0.9,0,1,0.22,0.0600000000000001,0.78,0.89,1,0.506428571428571
"2",2,7.888509,54.180078,"Helgoland","A2",0.35,0.16,0.0600000000000001,1,0.11,0.97,0.77,0.01,1,0.27,0.03,1,0.73,0.47,0.431428571428571
"3",3,8.31717,54.909541,"Westerland","A3",0.38,0.86,0.07,0.64,0.09,0.45,0.38,0.03,0.98,0.23,0.0600000000000001,1,0.17,0.32,0.365
"4",4,8.562322,54.688907,"Wyk auf F_hr","A4",0.37,0.81,0.07,0.62,0.09,0.82,0.36,0.05,0.96,0.22,0.05,1,0.18,0.31,0.384285714285714
"5",5,8.691207,53.857147,"Cuxhaven","A5",0.33,0.82,0.1,0.73,0.05,0.67,0.79,0,0.91,0.19,0.0600000000000001,0.86,0.36,0.2,0.385
"6",6,8.961978,54.427138,"T_nning","A6",0.29,0.86,0.04,0.73,0.0600000000000001,0.79,0.39,0.03,0.95,0.27,0.05,0.99,0.16,0.42,0.382857142857143
"7",7,9.066584,54.483744,"Husum","A7",0.3,0.84,0.03,0.65,0.05,0.84,0.3,0.01,0.99,0.2,0.05,0.62,0.07,0.21,0.325714285714286
"8",8,9.112079,54.196474,"Heide","A8",0.14,0.8,0.05,0.66,0.08,0.78,0.9,0.01,0.98,0.26,0.08,0.95,0.12,0.23,0.39
"9",9,9.45853,54.793875,"Flensburg","A9",0.3,0.84,0.0600000000000001,0.71,0.07,0.32,0.83,0.01,1,0.29,0.04,0.88,0.14,0.34,0.370714285714286
"10",10,9.506234,53.933629,"Itzehoe","A10",0.28,1,0.05,0.7,0.09,0.77,0.52,0.01,0.98,0.12,0.03,0.79,0.14,0.22,0.363571428571429
"11",11,9.565713,54.52412,"Schleswig","A11",0.2,0.83,0.0600000000000001,0.64,0.08,0.39,0.29,0,0.97,0.2,0.07,0.88,0.19,0.29,0.323571428571429
"12",12,9.662949,53.751745,"Elsmhorn","A12",0.32,0.76,0.04,1,0.11,0.81,0.51,0,0.98,0.22,0.04,0.84,0.18,0.17,0.363571428571429
"13",13,9.663283,54.30641,"Rendsburg","A13",0.23,0.86,0.03,0.73,0.11,0.86,0.33,0.01,0.98,0.21,0.03,0.87,0.16,0.25,0.36
"14",14,9.833537,54.467757,"Eckernf_rde","A14",0.34,0.87,0.03,0.7,0.11,0.71,0.93,0,0.97,0.18,0.0600000000000001,0.93,0.15,0.32,0.407857142857143
"15",15,9.987868,54.072604,"Neum_nster","A15",0.39,0.86,0.1,0.67,0.09,0.83,0.48,0,0.98,0.2,0.05,1,0.1,0.24,0.386428571428571
"16",16,10.121551,54.323315,"Kiel","A16",0.3,0.85,0.07,0.58,0.1,0.79,0.43,0.01,0.95,0.2,0.04,0.92,0.13,0.22,0.365
"17",17,10.426334,54.161978,"Pl_n","A17",0.3,0.84,0.08,0.67,0.11,0.75,0.75,0,0.88,0.22,0.0600000000000001,1,0.15,0.28,0.395
"18",18,10.705918,53.861675,"L_beck","A18",0.34,0.85,0.1,0.58,0.13,0.78,0.95,0.01,0.93,0.17,0.09,1,0.19,0.29,0.425714285714286
"19",19,10.780676,53.698174,"Ratzeburg","A19",0.24,0.83,0.1,0.58,0.19,0.73,0.85,0.01,0.96,0.23,0.05,0.91,0.19,0.26,0.41
"20",20,11.14526,54.457816,"Burg auf Fehmarn","A20",0.49,0.75,0.03,0.63,0.05,0.78,0.77,0.03,0.92,0.12,0.05,1,0.16,0.2,0.385714285714286
"21",21,11.468746,53.887564,"Wismar","A51",0.47,0.77,0.67,0.6,1,0.89,0.66,0.74,0.93,0.27,0.07,1,0.07,0.81,0.667857142857143
"22",22,12.104215,54.091557,"Rostock","A52",NA,0.83,0.39,0.46,0.62,0.91,0.68,0.16,0.61,1,0.0600000000000001,1,0.15,0.84,0.605384615384615
"23",23,12.194575,53.793333,"G_strow","A53",NA,0.79,0.46,0.65,0.35,0.95,0.76,0.18,0.97,0.99,0.08,1,0.16,0.25,0.560769230769231
"24",24,13.048273,53.906756,"Demmin","A54",NA,0.75,0.23,0.58,0.63,0.94,0.71,0.0600000000000001,0.97,1,0.0600000000000001,0.33,0.19,0.11,0.508461538461538
"25",25,13.076377,54.31079,"Stralsund","A55",NA,0.8,0.2,0.75,0.43,0.92,1,0.14,0.83,1,0.03,0.24,0.16,0.16,0.487692307692308
"26",26,13.390316,54.086433,"Griefswald","A56",NA,0.88,0.21,0.6,0.59,0.97,1,0.08,0.88,1,0.03,0.44,0.2,0.12,0.537692307692308
"27",27,13.441943,54.408561,"Bergen auf R_gen","A57",NA,0.82,0.22,0.48,0.42,0.95,0.87,0.13,0.89,0.37,0.07,0.35,0.18,0.17,0.450769230769231
"28",28,13.703525,53.847097,"Anklam","A58",NA,0.77,0.19,0.62,0.93,0.93,0.78,0.07,0.96,0.84,0.02,0.25,0.16,0.15,0.536923076923077
"29",29,7.21029,53.362872,"Emden","B1",0.53,0.81,0.05,0.15,0.07,1,0.79,0.03,1,0.21,0.05,0.69,0.25,NA,0.426923076923077
"30",30,7.280764,52.69775,"Meppen","B2",0.44,0.92,0.0600000000000001,1,0.93,0.87,0.53,0,0.8,0.17,0.02,0.61,0.07,1,0.525
"31",31,7.460614,53.243185,"Leer","B3",0.5,0.82,0.08,0.02,0.05,0.68,0.83,0.01,0.95,0.18,0,0.72,0.38,0.51,0.411428571428571
"32",32,7.485734,53.469352,"Aurich","B4",0.59,1,0.09,0.0600000000000001,0.0600000000000001,0.97,0.81,0.01,0.21,0.17,0.03,0.62,0.77,1,0.456428571428571
"33",33,8.050041,52.843818,"Cloppenburg","B5",0.5,0.8,0.07,1,0.15,0.82,0.73,0,0.94,0.16,0.04,0.66,1,0.57,0.470714285714286
"34",34,8.110473,53.532256,"Wilhelmshaven","B6",0.38,0.86,0.02,0.07,0.09,0.71,0.73,0.01,0.66,0.24,0.08,0.4,0.45,0.4,0.365714285714286
"35",35,8.217338,53.143756,"Oldenburg","B7",0.45,0.82,0.04,0.24,0.14,0.86,0.91,0,0.95,0.19,0.04,0.94,1,0.37,0.489285714285714
"36",36,8.373553,52.605571,"Diepholz","B8",0.45,0.86,0.0600000000000001,0.8,0.14,0.66,0.58,0.01,0.92,0.22,0.08,0.26,0.62,0.29,0.377857142857143
"37",37,8.643596,53.052534,"Delmenhorst","B9",0.32,0.85,0.09,1,0.05,NA,0.75,0.01,0.22,0.16,0.0600000000000001,0.42,0.46,0.31,0.288461538461538
"38",38,8.605479,53.536516,"Bremerhaven","B10",0.46,0.89,0.01,0.69,0.04,0.64,0.69,0,0.84,0.11,0.07,0.99,0.28,0.22,0.377142857142857
"39",39,8.810293,53.076474,"Bremen","B11",0.52,0.82,0.0600000000000001,0.69,0.07,0.86,0.72,0,0.19,0.1,0.05,0.36,0.98,0.27,0.362142857142857
"40",40,9.150719,53.486224,"Bremerv_rde","B12",0.34,0.85,0.04,0.61,0.13,0.7,0.87,0,0.2,0.17,0.07,0.44,0.62,0.17,0.337857142857143
"41",41,9.211496,52.636548,"Nienburg (Weser)","B13",0.95,0.88,0.11,0.67,0.25,0.87,0.7,0,0.27,0.18,0.04,0.13,0.93,0.22,0.412857142857143
"42",42,9.23397,52.935153,"Verden","B14",0.32,0.84,0.04,0.6,0.12,0.66,0.79,0,0.24,0.17,0.04,0.33,0.69,0.22,0.327142857142857
"43",43,9.391057,53.085303,"Rotenburg (W_mme)","B15",0.4,0.83,0.05,0.65,0.93,0.78,0.62,0,0.26,0.19,0.02,0.45,0.69,0.21,0.454285714285714
"44",44,9.469208,53.59431,"Stade","B16",0.34,0.79,0.07,0.67,0.11,0.79,0.55,0.01,0.29,0.23,0.02,1,0.44,0.27,0.358571428571429
"45",45,9.842027,52.984559,"Soltau","B17",0.42,0.85,0.08,0.6,0.89,0.77,0.53,0,0.23,0.16,0.04,0.72,0.68,0.16,0.458571428571429
"46",46,9.989463,53.550627,"Hamburg","B18",0.48,0.81,0.09,0.58,0.09,0.75,0.74,0.02,0.97,0.13,0.02,1,0.22,0.24,0.403571428571429
"47",47,9.98391,53.460761,"Hamburg - Harburg","B19",0.41,0.84,0.08,0.69,0.09,0.69,0.81,0.01,0.99,0.18,0.07,1,0.25,0.12,0.402142857142857
"48",48,10.068637,52.618915,"Celle","B20",1,0.83,0.11,0.74,0.83,0.82,0.59,0,0.26,0.12,0.02,0.24,0.88,0.29,0.487142857142857
"49",49,10.415575,53.245667,"L_neburg","B21",0.86,0.9,0.0600000000000001,0.66,0.22,0.79,0.64,0.01,0.35,0.13,0.09,0.95,0.39,0.26,0.419285714285714
"50",50,10.562155,52.967508,"Uelzen","B22",0.4,0.73,0.08,0.96,0.38,0.67,0.65,0,0.22,0.15,0.03,0.38,0.62,0.31,0.357142857142857
"51",51,10.55111,53.37585,"Lauenburg","B23",0.31,0.77,0.15,0.61,0.13,0.68,0.8,0,0.98,0.21,0.05,1,0.2,0.19,0.4
"52",52,10.722736,53.382095,"Boizenburg","B51",1,0.84,0.27,0.6,0.6,0.73,0.66,0.1,0.78,1,0.03,0.66,0.22,0.4,0.563571428571429
"53",53,11.167047,52.84968,"Salzwedel","B52",1,0.83,0.23,0.54,0.99,0.89,0.75,0.02,0.89,0.94,0.1,1,0.19,0.09,0.636428571428571
"54",54,11.396917,53.636281,"Schwerin","B53",NA,0.8,0.41,0.5,0.43,0.92,0.71,0.59,0.97,0.98,0.08,1,0.16,0.78,0.635384615384615
"55",55,11.494041,53.32532,"Ludwigslust","B54",NA,0.79,0.56,0.52,0.27,0.75,0.76,0.24,0.99,0.24,0.0600000000000001,1,0.14,0.58,0.511538461538462
"56",56,11.750745,52.995329,"Wittenberge","B55",1,0.86,0.29,0.64,0.04,0.97,0.37,0.11,0.93,0.25,0.0600000000000001,1,0.16,0.08,0.44
"57",57,12.681047,53.516253,"Waren","B56",NA,0.87,0.24,0.61,1,0.94,0.74,0.09,0.97,0.27,0.07,1,0.14,0.15,0.575384615384615
"58",58,12.79025,52.914818,"Neuruppin","B57",0.56,0.84,0.24,0.66,0.05,0.99,0.29,0.1,0.66,0.9,0.03,1,0.18,0.02,0.422142857142857
"59",59,13.07927,53.360037,"Neustrelitz","B58",0.55,0.81,0.21,0.67,0.08,0.98,0.52,0.91,0.97,0.32,0.04,1,0.16,0.0600000000000001,0.477857142857143
"60",60,13.234443,52.754146,"Oranienburg","B59",1,0.8,0.19,0.63,0.03,0.09,0.81,0.88,0.94,0.86,0.03,1,0.28,0.07,0.500714285714286
"61",61,13.268716,53.567738,"Neubrandenburg","B60",NA,0.8,0.29,1,0.17,1,0.46,0.13,0.92,0.91,0.03,0.47,0.1,0.15,0.430769230769231
"62",62,13.792076,52.837572,"Eberswalde","B61",NA,0.84,0.28,0.58,0.03,0.11,0.41,0.08,0.8,0.92,0.03,0.85,0.2,0.0600000000000001,0.356923076923077
"63",63,13.864496,53.317481,"Prenzlau","B62",1,0.79,0.22,0.6,1,0.19,0.41,0.08,0.97,0.83,0.07,0.99,0.17,0.04,0.554285714285714
"64",64,13.998601,53.504544,"Pasewalk","B63",0.57,0.82,0.25,0.57,0.11,0.93,0.41,0.0600000000000001,0.91,0.78,0.08,1,0.21,0.09,0.452142857142857
"65",65,14.277293,53.065264,"Schwedt","B64",NA,0.83,0.25,0.59,0.05,1,0.41,0.05,0.54,0.88,0.05,0.28,0.22,0.12,0.363846153846154
"66",66,6.120683,51.784993,"Kleve","C1",NA,0.14,0.11,0,0.03,0.14,0.38,0,0.78,1,0.03,0.28,0.25,0.6,0.29
"67",67,6.618622,51.842861,"Bocholt","C2",0.39,0.85,0.17,0.47,1,0.26,0.45,0.01,0.65,1,0.0600000000000001,0.43,0.16,0.69,0.508571428571429
"68",68,7.168844,51.93851,"Coesfeld","C3",0.43,0.82,0.12,0,1,0.91,0.99,0.01,0.7,0.92,0.05,0.44,0.14,0.51,0.574285714285714
"69",69,7.071501,52.430745,"Nordhorn","C4",0.86,0.86,0.1,0.29,0.19,1,0.87,0,0.59,1,0.0600000000000001,0.19,0.12,0.7,0.480714285714286
"70",70,7.32946,52.540584,"Lingen","C5",NA,0.84,0.14,1,0.07,1,0.59,0,0.91,0.16,0.02,0.93,0.48,0.71,0.455384615384615
"71",71,7.443092,52.281897,"Rheine","C6",0.48,0.86,0.09,0.05,1,0.96,0.29,0,0.87,0.22,0.03,0.62,NA,0.76,0.552307692307692
"72",72,7.623209,51.95855,"M_nster","C7",0.85,0.84,0.07,0.05,0.08,0.23,0.42,0,0.72,0.18,0.01,0.61,0.1,0.63,0.344285714285714
"73",73,8.046001,52.280327,"Osnabr_ck","C8",0.49,NA,0.16,0.94,0.84,0.95,0.52,0.01,0.89,1,0.04,0.98,0.49,0.5,0.593076923076923
"74",74,8.384633,51.902836,"G_tersloh","C9",0.5,0.92,0.11,0.11,0.05,0.27,0.48,0.01,0.49,0.98,0.04,0.36,0.31,1,0.397857142857143
"75",75,8.533218,52.03082,"Bielefeld","C10",0.32,0.87,0.94,0.2,0.92,0.19,0.95,0,0.94,0.28,0.03,0.75,0.15,0.77,0.573571428571429
"76",76,8.896618,52.295527,"Minden","C11",0.54,0.85,0.84,0.4,0.18,1,0.42,0,0.27,1,0.04,0.22,0.09,0.33,0.425714285714286
"77",77,9.363055,52.108072,"Hameln","C12",1,0.83,0.07,0.67,0.25,0.94,0.56,0.02,0.33,0.17,0.05,0.11,0.68,0.27,0.395
"78",78,9.44193,52.421011,"Wunstorf","C13",0.44,0.84,0.15,0.74,0.27,0.75,0.89,0.03,0.3,0.19,0.05,0.18,0.18,0.33,0.347857142857143
"79",79,9.457291,51.823378,"Holzminden","C14",0.37,0.85,0.17,0.85,0.29,0.89,0.63,0.02,0.25,1,0.04,0.15,0.33,0.19,0.390714285714286
"80",80,9.731898,52.376016,"Hannover","C15",0.43,0.85,0.11,1,0.24,0.83,0.86,0.01,0.23,0.13,0,0.17,0.41,0.28,0.342142857142857
"81",81,9.958132,52.155221,"Hildesheim","C16",0.5,0.79,0.1,0.69,0.49,0.85,0.68,0.07,0.28,0.14,0.01,0.12,0.28,0.17,0.355
"82",82,10.391912,52.137093,"Salzgitter","C17",NA,0.84,0.75,0.86,0.79,0.98,0.8,0.0600000000000001,0.21,0.11,0.03,0.12,0.14,0.34,0.458461538461538
"83",83,10.430783,51.905272,"Goslar","C18",NA,0.9,0.72,0.65,0.59,1,0.5,0.93,0.24,1,0.07,0.1,0.17,0.22,0.540769230769231
"84",84,10.526992,52.266589,"Braunschweig","C19",NA,0.82,0.78,0.63,0.93,1,0.84,0.93,0.29,0.17,0.03,0.16,0.23,0.15,0.558461538461538
"85",85,10.542286,52.164001,"Wolfenb_ttel","C20",NA,0.84,0.64,0.62,0.43,0.94,0.57,0.95,0.9,0.18,0.01,0.0600000000000001,NA,0.18,0.510833333333333
"86",86,10.78604,52.422727,"Wolfsburg","C21",0.45,0.86,0.73,1,0.98,0.95,0.82,0.02,0.27,0.07,0.02,0.14,0.88,0.44,0.543571428571429
"87",87,11.01014,52.228962,"Helmstedt","C22",0.43,0.85,0.55,0.8,0.97,1,0.66,0.1,0.35,0.11,0.02,0.09,0.86,0.37,0.523571428571429
"88",88,11.047783,51.894727,"Halberstadt","C51",0.57,0.88,0.18,0.57,0.45,0.92,0.73,0.94,1,0.85,0.09,0.02,0.25,0.68,0.572142857142857
"89",89,11.417711,52.284209,"Haldensleben","C52",0.42,0.8,0.3,0.64,0.9,1,0.87,0.14,1,0.87,0.08,1,0.3,0.25,0.630714285714286
"90",90,11.579924,51.860723,"Sta_furt","C53",NA,0.84,0.27,0.53,0.85,1,0.71,0.09,0.85,0.84,0.99,0.04,0.69,0.15,0.628461538461538
"91",91,11.627653,52.120534,"Magdeburg","C54",1,0.87,0.24,0.56,0.56,1,0.75,0.12,1,0.31,0.07,0.03,0.56,0.05,0.508571428571429
"92",92,11.850668,52.60401,"Stendal","C55",NA,0.83,0.3,0.57,0.42,0.97,0.65,0.05,1,0.9,0.05,1,0.23,0.05,0.528461538461538
"93",93,12.084776,51.966992,"Zerbst","C56",NA,0.87,0.21,0.63,0.71,1,0.72,0.07,0.77,0.84,0.07,0.0600000000000001,0.44,0.05,0.501538461538461
"94",94,12.338143,52.604841,"Rathenow","C57",0.65,0.87,0.12,0.4,0.05,0.99,0.42,0.0600000000000001,0.97,0.81,0.02,1,0.13,0.0600000000000001,0.442857142857143
"95",95,12.532008,52.412721,"Brandenburg","C58",1,0.85,0.2,0.56,0.03,0.12,0.38,0.07,0.66,0.87,0.09,1,0.18,0.05,0.395
"96",96,12.628007,51.873979,"Wittenberg","C59",NA,0.77,0.23,0.6,0.61,0.14,0.49,0.0600000000000001,0.89,0.79,0.07,0.01,0.12,0.0600000000000001,0.373076923076923
"97",97,13.06587,52.390746,"Potsdam","C60",1,0.8,0.24,0.65,0.05,0.97,0.47,0.17,0.94,0.96,0.0600000000000001,0.95,0.21,0.12,0.499285714285714
"98",98,13.160211,52.090968,"Luckenwalde","C61",NA,0.78,0.4,0.64,0.07,0.13,0.78,0.14,0.84,0.86,0.04,0.12,0.24,0.05,0.347692307692308
"99",99,13.283594,52.509969,"Berlin(West)","C62",0.59,0.73,0.47,0.65,0.07,0.15,0.72,0.48,0.85,0.94,0.08,1,0.4,0.19,0.481428571428571
"100",100,13.510077,52.525767,"Berlin (Ost)","C63",1,0.85,0.3,0.58,0.03,0.2,0.53,0.34,0.79,0.87,0.05,1,0.26,0.12,0.455
"101",101,13.450893,52.217572,"Zossen","C64",1,0.86,0.34,0.53,0.07,0.97,0.47,0.15,0.92,0.93,0.07,1,0.25,0.1,0.514285714285714
"102",102,14.060219,52.368227,"F_rstenwalde","C65",NA,0.82,0.32,0.58,0.0600000000000001,0.94,0.78,0.1,0.96,0.78,0.05,1,0.22,0.03,0.470769230769231
"103",103,14.500585,52.331842,"Frankfurt (Oder)","C66",0.49,0.89,0.35,0.5,0.05,1,0.4,0.07,0.93,0.79,0.0600000000000001,0.73,0.14,0.05,0.428571428571429
"104",104,14.69566,51.952128,"Guben","C67",1,0.88,0.21,0.58,0.12,0.14,0.33,0.07,1,0.84,0.04,0.99,0.31,1,0.503571428571429
"105",105,6.44092,51.180066,"M_nchen-gladbach","D1",0.36,0.84,0.09,0.02,0.03,0.94,0.91,0,0.81,0.3,0.04,0.2,0.65,0.71,0.422142857142857
"106",106,6.585489,51.338661,"Krefeld","D2",0.52,0.84,0.13,0.02,0.07,0.95,0.62,0,0.6,0.45,0.02,0.25,0.27,0.86,0.403571428571429
"107",107,6.62778,51.664531,"Wesel","D3",0.32,0.9,0.11,0.56,0.05,1,0.95,0,0.62,0.85,0.0600000000000001,1,0.75,0.74,0.528571428571429
"108",108,6.586157,51.090354,"Grevenbroich","D4",0.54,0.79,0.23,0.01,0.03,0.92,0.77,0.01,0.84,0.94,0.05,0.94,0.45,0.69,0.516428571428571
"109",109,6.761525,51.434718,"Duisburg","D5",0.58,0.84,0.08,0.17,0.02,NA,0.55,0,0.92,0.97,0.01,0.26,0.92,1,0.474615384615385
"110",110,6.777996,51.227551,"D_sseldorf","D6",0.55,0.8,0.08,0.99,0.0600000000000001,0.93,0.95,0,1,0.91,0.05,0.95,0.19,0.8,0.523571428571429
"111",111,6.960793,50.938419,"K_ln","D7",0.61,0.75,0.11,0,0.02,0.95,0.44,0.01,0.83,0.9,0.0600000000000001,0.77,0.14,1,0.472142857142857
"112",112,7.08334,51.170241,"Solingen","D8",0.8,1,0.16,0.0600000000000001,0.08,1,0.73,0,0.83,0.93,0.09,0.31,0.15,0.82,0.498571428571429
"113",113,7.012384,51.455259,"Essen","D9",0.9,0.84,0.0600000000000001,0.14,0.1,0.19,0.5,0,0.58,0.87,0.04,0.95,NA,0.94,0.466923076923077
"114",114,7.129383,50.991918,"Bergisch Gladbach","D10",0.67,0.82,0.1,0.01,0.03,1,0.56,0,0.82,0.31,0.04,0.27,0.13,0.78,0.397142857142857
"115",115,7.105948,51.659006,"Marl","D11",0.5,0.85,0.12,0.05,0.91,0.15,0.57,0,0.73,0.96,0.04,0.89,0.14,0.64,0.529285714285714
"116",116,7.150095,51.256168,"Wuppertal","D12",0.92,0.88,0.1,0.08,0.04,0.99,0.7,0,0.53,0.95,0.02,0.25,0.99,0.96,0.526428571428571
"117",117,7.193894,51.178617,"Remscheid","D13",0.54,0.9,0.09,0.03,0.05,0.97,0.84,0,0.72,0.92,0.99,0.93,0.93,0.51,0.602857142857143
"118",118,7.215356,51.480444,"Bochum","D14",0.52,0.2,0.09,0.99,0.05,0.13,0.56,0,0.51,0.95,0.03,0.88,0.15,0.62,0.338571428571429
"119",119,7.465821,51.513799,"Dortmund","D15",0.39,0.17,0.11,0.0600000000000001,0.0600000000000001,0.94,0.82,0,0.7,0.94,0.0600000000000001,0.97,0.07,0.65,0.424285714285714
"120",120,7.466587,51.366096,"Hagen","D16",NA,0.19,0.12,0.0600000000000001,0.0600000000000001,0.15,0.55,0.01,0.5,0.93,0.1,0.96,0.17,0.61,0.339230769230769
"121",121,7.569875,51.026675,"Gumemrsbach","D17",0.59,0.87,0.14,0.36,0.07,0.98,0.66,0,0.54,0.9,0.03,0.81,0.27,1,0.495
"122",122,7.694801,51.376609,"Iserlohn","D18",0.92,0.87,0.11,0.0600000000000001,0.04,0.96,0.93,0,0.65,0.92,0.05,0.94,0.12,0.67,0.515714285714286
"123",123,7.816648,51.673947,"Hamm","D19",0.37,0.83,0.15,0.02,0.02,0.96,0.87,0.01,0.67,0.96,0.03,0.95,NA,0.53,0.49
"124",124,8.105959,51.570916,"Soest","D20",NA,0.83,0.12,0.03,0.05,0.2,0.52,0,0.6,0.96,0.03,0.41,0.13,0.64,0.349230769230769
"125",125,8.575099,51.398112,"Brilon","D21",0.66,0.93,0.19,0.03,0.08,0.88,0.53,0.01,0.63,0.43,0.04,0.9,0.16,0.57,0.435
"126",126,8.7572,51.718679,"Paderborn","D22",0.78,0.88,0.09,0.17,0.07,0.96,0.61,0,0.84,0.17,0.04,0.47,0.12,0.6,0.407142857142857
"127",127,9.145135,51.489829,"Warburg","D23",1,0.87,0.09,0.12,0.08,0.91,0.41,0.01,0.4,1,0.03,0.64,0.24,0.31,0.433571428571429
"128",128,9.274261,51.132495,"Fritzlar","D24",0.24,0.88,0.19,0.7,0,0.8,0.75,0.03,0.14,0.95,0.22,0.13,0.41,0.8,0.395714285714286
"129",129,9.479895,51.312812,"Kassel","D25",0.46,0.82,0.15,1,0.03,0.88,1,0.04,0.24,0.98,0.09,0.14,0.98,0.63,0.462142857142857
"130",130,9.657008,51.419269,"Hannoversch-M_nden","D26",0.49,0.83,0.18,0.77,0.0600000000000001,1,0.8,0.01,0.2,0.21,0.03,0.12,0.91,0.25,0.367857142857143
"131",131,9.915928,51.541237,"G_ttingen","D27",0.51,0.86,0.1,0.64,0.94,0.97,0.97,0.93,0.28,0.18,0.03,0.18,0.25,0.22,0.525714285714286
"132",132,9.995978,51.699485,"Northeim","D28",0.4,0.86,0.18,0.65,0.32,0.92,0.72,0.95,0.22,1,0.05,0.13,0.1,0.21,0.455714285714286
"133",133,10.038983,51.187259,"Eschwege","D29",0.49,0.79,0.22,0.73,0.07,0.97,0.72,0.86,0.88,0.93,0.09,0.09,0.72,0.85,0.553571428571429
"134",134,10.455723,51.209502,"M_hlhausen","D51",0.39,0.83,0.44,0.66,0.64,0.93,0.57,0.04,0.81,0.75,0.03,0.03,0.93,0.75,0.555714285714286
"135",135,10.779703,51.832166,"Wernigerode","D52",0.51,0.85,0.32,0.63,0.66,0.26,0.79,0.07,1,0.88,0.08,0.01,0.3,0.32,0.479285714285714
"136",136,10.791519,51.498984,"Nordhausen","D53",0.38,0.7,0.28,0.55,0.24,0.83,0.6,0.05,0.78,0.94,0.0600000000000001,0,0.66,0.38,0.438571428571429
"137",137,11.14205,51.791902,"Quedlinburg","D54",0.6,0.83,0.26,0.56,0.96,0.94,0.93,0.04,0.84,0.31,0.09,0.04,0.4,0.21,0.529285714285714
"138",138,11.298422,51.473061,"Sangerhausen","D55",NA,0.78,0.25,0.66,0.59,0.91,0.38,0.0600000000000001,0.29,0.8,0.1,0.0600000000000001,0.09,0.26,0.396923076923077
"139",139,11.459162,51.759113,"Aschersleben","D56",NA,0.81,0.18,0.63,0.44,0.19,0.7,0.0600000000000001,0.59,0.81,0.08,0.05,0.93,0.19,0.420769230769231
"140",140,11.556321,51.519639,"Eisleben","D57",0.43,0.88,0.17,0.57,0.51,1,0.35,0.02,0.75,0.64,0.0600000000000001,0.02,0.96,0.07,0.455
"141",141,11.753365,51.783255,"Bernburg","D58",0.57,0.8,0.14,0.54,0.84,0.87,0.64,0.01,0.7,0.8,0.05,0.02,0.74,0.04,0.504285714285714
"142",142,11.811238,51.151559,"Naumburg","D59",NA,0.83,0.21,0.54,0.85,0.9,0.37,0.07,0.91,0.83,0.0600000000000001,0.0600000000000001,0.03,0.13,0.469230769230769
"143",143,11.967809,51.496982,"Halle","D60",1,0.78,0.21,0.61,0.61,0.27,0.52,0.14,1,0.87,0.07,0.05,0.16,0.07,0.454285714285714
"144",144,11.991204,51.356258,"Merseburg","D61",0.41,0.84,0.16,0.53,0.55,0.95,0.41,0.0600000000000001,0.92,0.79,0.03,0.08,0.11,0.11,0.426428571428571
"145",145,12.242805,51.830959,"Dessau","D62",NA,0.84,0.24,0.61,0.83,NA,0.89,0.09,0.9,0.88,0.04,0.01,0.96,0.1,0.550833333333333
"146",146,12.313412,51.626535,"Bitterfeld","D63",NA,0.84,0.23,0.64,0.61,0.17,0.43,0.1,0.81,0.77,0.0600000000000001,0.03,0.13,0.1,0.376153846153846
"147",147,12.373517,51.340184,"Leipzig","D64",NA,0.8,0.22,0.53,0.91,0.89,0.53,0.0600000000000001,0.79,0.82,0.0600000000000001,0.81,0.05,0.45,0.561538461538462
"148",148,12.991762,51.558136,"Torgau","D65",0.99,0.76,0.53,0.48,0.46,0.25,0.34,0.05,0.75,0.75,0.04,0.07,0.07,0.16,0.405714285714286
"149",149,13.116529,51.123045,"D_beln","D66",NA,0.82,0.77,0.63,0.8,0.19,0.39,0.05,0.8,0.69,0.05,0.97,0.1,0.2,0.51
"150",150,13.26764,51.311658,"Riesa","D67",NA,0.85,0.25,0.55,1,1,0.33,0.03,0.82,0.72,0.0600000000000001,0.08,1,0.84,0.613846153846154
"151",151,13.497741,51.162011,"Mei_a","D68",0.49,0.83,0.4,0.64,0.92,0.17,0.31,0.0600000000000001,0.77,0.63,0.04,0.94,1,0.15,0.545
"152",152,13.708373,51.630165,"Finsterwalde","D69",1,0.91,0.92,0.54,0.56,0.14,0.33,0.0600000000000001,0.61,0.73,0.07,0.04,0.41,0.05,0.456428571428571
"153",153,13.735389,51.050259,"Dresen","D70",0.53,0.86,0.58,0.62,0.61,0.92,0.5,0.05,0.89,0.82,1,0.86,1,0.2,0.673571428571429
"154",154,14.253625,51.438896,"Hoyerswerda","D71",NA,0.84,0.86,0.48,0.98,0.13,0.39,0.0600000000000001,0.81,0.84,0.08,0.97,0.25,0.16,0.565384615384615
"155",155,14.33323,51.756267,"Cottbus","D72",0.36,0.9,0.27,0.55,0.76,0.09,0.38,0.0600000000000001,0.9,0.82,0.0600000000000001,0.76,0.29,0.07,0.462857142857143
"156",156,14.423497,51.182026,"Bautzen","D73",0.95,0.82,0.26,0.65,0.71,0.18,0.34,0.07,0.82,0.77,1,0.73,1,0.75,0.650714285714286
"157",157,14.803283,50.900254,"Zittau","D74",0.56,0.81,0.7,0.52,0.55,0.19,0.25,0.02,0.85,0.64,0.8,0.85,1,0.16,0.566428571428571
"158",158,14.96887,51.150771,"G_rlitz","D75",0.6,0.81,0.59,0.51,0.97,0.19,0.76,0.07,0.77,0.77,0.08,1,0.52,0.53,0.616428571428571
"159",159,6.084019,50.775383,"Aachen","E1",0.6,0.83,0.13,0.02,0.04,0.96,0.98,0.01,0.87,0.19,0.02,0.99,0.78,0.67,0.507857142857143
"160",160,6.419861,50.208077,"Pr_m","E2",0.29,1,0.19,0.03,1,0.77,0.61,1,0.58,1,0.46,0.87,0.14,0.7,0.686428571428571
"161",161,6.435301,50.490685,"Hellenthal","E3",NA,0.83,0.19,0.02,0.05,0.35,0.74,1,0.81,0.89,0.08,0.92,0.22,0.94,0.543846153846154
"162",162,6.481443,50.802843,"D_ren","E4",0.51,0.9,0.16,0,0.01,0.93,0.81,0.01,0.79,0.33,0.02,0.84,0.69,0.65,0.475714285714286
"163",163,6.789512,50.65717,"Euskirchen","E5",1,0.84,0.25,1,0.0600000000000001,0.95,0.68,0,0.86,0.92,0.07,0.87,0.25,0.93,0.552857142857143
"164",164,7.098346,50.737331,"Bonn","E6",NA,0.74,0.12,0.03,0.05,0.97,0.47,0,0.85,0.95,0.04,0.41,0.32,1,0.459230769230769
"165",165,7.169905,50.147301,"Cochem","E7",0.38,0.77,0.5,1,0.11,0.81,0.63,0.02,0.95,0.59,0.08,0.61,0.07,0.91,0.467142857142857
"166",166,7.227327,50.328202,"Mayen","E8",1,0.87,0.72,1,0.09,0.71,0.49,0.01,0.74,0.64,0.07,0.39,0.12,0.79,0.480714285714286
"167",167,7.207428,50.799828,"Siegburg","E9",0.56,1,0.17,0,0.03,NA,0.53,0,0.83,0.93,0.03,0.28,0.14,0.9,0.417692307692308
"168",168,7.466352,50.436194,"Neuwied","E10",0.51,0.14,0.17,0.0600000000000001,0.04,0.93,0.55,0.01,0.8,0.74,0.05,0.29,0.12,0.69,0.362857142857143
"169",169,7.589123,50.356942,"Koblenz","E11",0.49,0.87,0.88,1,0.02,0.79,0.46,0.01,0.79,1,0.03,0.26,0.18,0.67,0.462142857142857
"170",170,8.079852,50.398656,"Limburg","E12",0.55,0.89,0.21,1,0.07,0.66,0.48,0.01,0.76,0.85,0.05,0.2,0.0600000000000001,0.9,0.411428571428571
"171",171,8.020925,50.883843,"Siegen","E13",0.41,0.99,0.23,0.82,0.05,0.58,0.84,0.01,0.82,0.81,0.98,0.84,0.39,0.92,0.565714285714286
"172",172,8.507984,50.558888,"Wetzlar","E14",0.6,0.84,0.34,0.93,0.05,0.66,0.76,0.01,0.84,0.33,0.47,0.2,0.12,0.96,0.445
"173",173,8.618589,50.226835,"Bad Homburg","E15",0.54,0.83,0.88,0.93,0.03,0.88,0.63,0.03,0.86,0.98,0.14,0.26,0.1,0.76,0.496428571428571
"174",174,8.740518,50.324762,"Friedberg","E16",0.59,0.72,0.98,0.89,0.04,0.92,0.63,0,0.85,0.37,0.0600000000000001,0.19,0.12,0.68,0.442142857142857
"175",175,8.739304,50.367098,"Bad Nauheim","E17",0.53,0.78,0.22,1,0.08,0.73,0.72,0,0.84,1,0.11,0.21,0.14,0.6,0.431428571428571
"176",176,8.678453,50.584248,"Gie_en","E18",0.45,0.79,0.99,0.81,0.09,0.66,0.84,0.02,0.98,1,0.67,0.22,0.23,0.49,0.537142857142857
"177",177,8.766961,50.80205,"Marburg","E19",0.51,0.82,0.14,0.86,0.09,0.98,1,0.02,1,1,0.26,0.18,0.56,0.9,0.539285714285714
"178",178,9.25072,50.921308,"Schwalmstadt","E20",1,0.94,0.99,0.68,0.02,0.64,0.62,0.05,0.19,0.38,0.49,0.03,0.43,0.94,0.481428571428571
"179",179,9.680309,50.555655,"Fulda","E21",0.78,0.82,0.2,0.76,0.18,0.71,0.51,0.88,1,1,0.53,0.11,0.83,0.65,0.598571428571429
"180",180,9.701964,50.87023,"Bad Hersfeld","E22",0.45,0.81,0.26,0.69,0.04,0.65,0.64,0.89,0.18,0.95,0.33,0.1,0.3,0.84,0.462857142857143
"181",181,10.315001,50.979208,"Eisenach","E51",1,0.83,0.29,0.57,0.61,0.34,0.54,0.08,0.85,0.8,0.16,0.0600000000000001,0.09,1,0.518571428571429
"182",182,10.418582,50.573576,"Meiningen","E52",NA,0.8,0.22,0.53,0.63,0.2,1,0.05,0.89,0.8,0.23,0.08,0.0600000000000001,1,0.506923076923077
"183",183,10.707816,50.947662,"Gotha","E53",NA,0.78,0.32,0.52,0.55,0.29,NA,0.03,0.88,0.9,0.1,0.01,0.09,1,0.458333333333333
"184",184,10.688318,50.607756,"Suhl","E54",0.48,0.79,0.23,0.54,0.84,0.21,0.66,0.0600000000000001,0.92,0.89,0.13,0.93,0.02,1,0.571428571428571
"185",185,11.029949,50.984833,"Erfurt","E55",NA,0.8,0.22,0.46,0.84,1,0.52,0.04,1,0.89,0.05,0.05,0.96,0.76,0.613076923076923
"186",186,11.171161,50.360198,"Sonneberg","E56",0.54,0.88,NA,0.49,0.5,0.6,0.31,0.05,1,0.95,0.43,0.87,0.13,0.9,0.589230769230769
"187",187,11.323266,50.979408,"Weimar","E57",NA,0.82,0.33,0.56,0.55,0.96,0.96,0.09,0.96,0.92,0.0600000000000001,0.05,0.13,0.68,0.543076923076923
"188",188,11.366128,50.64925,"Saalfeld","E58",1,0.87,0.11,0.62,NA,0.94,0.6,0.05,1,0.94,0.24,0.08,0.83,1,0.638333333333333
"189",189,11.589166,50.926987,"Jena","E59",0.91,0.78,0.16,0.5,0.55,0.89,0.68,0.08,0.25,0.93,0.0600000000000001,0.02,0.07,0.55,0.462857142857143
"190",190,11.989015,50.652932,"Zeulenroda","E60",0.34,0.81,0.2,0.55,0.93,0.99,0.66,0.05,0.82,0.88,0.07,0.12,0.36,0.38,0.538571428571429
"191",191,12.080788,50.88503,"Gera","E61",0.29,0.89,0.2,0.52,0.52,1,0.57,0.01,0.89,0.8,0.08,1,0.18,0.45,0.528571428571429
"192",192,12.136997,50.497498,"Plauen","E62",NA,0.84,0.11,0.57,0.2,0.23,1,0.05,1,0.82,0.0600000000000001,0.1,0.35,0.85,0.446923076923077
"193",193,12.140333,51.044317,"Zeitz","E63",NA,0.8,0.16,0.59,0.96,0.97,0.33,0.07,0.9,0.68,0.01,0.93,0.05,0.2,0.54
"194",194,12.436714,50.993006,"Altenburg","E64",NA,0.73,0.13,0.58,0.85,0.17,0.39,0.02,0.85,0.81,0.08,0.89,0.09,0.34,0.476923076923077
"195",195,12.473255,50.710139,"Zwickau","E65",NA,0.88,0.17,0.68,1,1,0.55,0.07,0.84,0.83,0.08,0.08,0.77,0.6,0.605384615384615
"196",196,12.545567,50.818604,"Glauchau","E66",NA,0.76,0.22,0.48,0.53,0.9,0.48,0.04,0.94,0.77,0.1,0.04,1,0.26,0.505384615384615
"197",197,12.698958,50.587335,"Aue","E67",NA,0.81,0.22,0.61,0.7,1,0.5,0.03,0.64,0.79,0.2,NA,0.92,1,0.625833333333333
"198",198,12.921349,50.827751,"Karl-Marx-Stadt","E68",NA,0.78,0.97,0.56,0.34,0.13,0.57,0.02,0.84,0.77,0.07,0.0600000000000001,0.37,0.9,0.473846153846154
"199",199,13.00744,50.578619,"Annaberg-Buchholz","E69",1,0.77,0.64,0.48,0.32,0.33,0.36,0.05,0.92,0.76,0.24,0.29,0.3,0.15,0.460714285714286
"200",200,13.341803,50.912872,"Freiberg","E70",0.9,0.76,0.7,0.55,0.91,0.89,0.4,0.04,1,0.73,0.03,0.99,1,0.22,0.677142857142857
"201",201,13.942019,50.962387,"Pirna","E71",NA,0.86,0.36,0.65,0.56,0.19,0.4,0.04,0.85,0.69,1,0.14,1,0.17,0.524615384615385
"202",202,6.549972,49.616636,"Saarburg","F1",0.32,0.2,0.25,1,0.14,0.83,0.36,0,0.89,0.66,0.29,0.49,1,0.46,0.430714285714286
"203",203,6.529708,49.966515,"Bitburg","F2",NA,0.93,0.25,0.03,0.99,0.87,0.54,0.02,0.52,0.5,0.39,0.39,0.22,0.81,0.570769230769231
"204",204,6.6371,49.749997,"Trier","F3",0.28,0.89,0.21,0.05,0.08,0.9,0.59,0.01,0.45,1,0.21,0.65,0.1,1,0.460714285714286
"205",205,7.062585,49.919649,"Bernkastel","F4",0.27,0.99,0.72,0.08,NA,0.81,0.66,0.01,0.91,0.52,0.73,0.67,NA,0.93,0.656363636363636
"206",206,7.168536,49.467777,"St. Wendel","F5",0.33,0.99,0.4,1,0.85,1,0.21,0.01,0.71,0.44,0.71,0.52,0.04,0.58,0.545714285714286
"207",207,7.307511,49.714563,"Idar-Oberstein","F6",0.11,0.9,0.42,0.92,0.8,0.48,0.23,0,0.76,0.6,0.35,0.96,0.0600000000000001,0.98,0.532142857142857
"208",208,7.749346,49.440044,"Kaiserslautern","F7",0.29,0.83,0.47,0.68,1,0.9,0.44,0.34,0.8,0.8,0.53,0.54,0.04,0.19,0.583571428571429
"209",209,7.873336,49.843938,"Bad Kreuznach","F8",1,0.82,0.94,0.97,0.05,0.96,0.81,0.01,0.77,0.49,0.19,0.78,0.04,0.97,0.562857142857143
"210",210,8.239402,50.078144,"Wiesbaden","F9",0.52,0.76,0.97,0.93,1,0.84,0.82,0.04,0.89,0.94,0.12,0.27,0.16,0.92,0.660714285714286
"211",211,8.247324,49.992811,"Mainz","F10",0.5,0.79,0.9,1,0.07,0.96,0.64,0.96,0.77,0.99,0.09,0.39,0.1,0.82,0.575
"212",212,8.350781,49.634202,"Worms","F11",0.62,0.77,0.49,0.26,0.03,0.92,0.42,0.55,0.58,0.75,0.16,0.16,0.05,1,0.466428571428571
"213",213,8.44472,49.477558,"Ludwigshafen","F12",0.43,0.79,0.52,0.65,0.17,0.99,0.53,0.5,0.68,0.91,0.45,0.35,0.11,0.24,0.488571428571429
"214",214,8.466736,49.487554,"Mannheim","F13",0.44,0.87,0.35,0.62,0.08,0.96,0.48,0.56,0.59,0.94,0.36,0.19,0.14,0.38,0.458571428571429
"215",215,8.421856,49.988643,"R_sselsheim","F14",0.68,0.79,0.33,0.82,0.05,0.87,0.58,0.04,0.72,0.87,0.11,0.25,0.17,0.39,0.421428571428571
"216",216,8.650997,49.872774,"Darmstadt","F15",0.41,0.87,0.24,0.79,0.09,0.76,0.66,0,1,0.98,0.14,0.21,0.05,1,0.464285714285714
"217",217,8.681638,50.110466,"Frankfurt (Main)","F16",0.44,0.84,0.19,1,0.05,0.91,0.67,0.02,1,0.96,0.07,0.38,0.2,0.9,0.477142857142857
"218",218,8.77626,50.095702,"Offenbach","F17",0.51,0.86,0.94,0.91,0.1,0.61,0.57,0.94,1,0.91,0.07,0.27,0.2,0.49,0.540714285714286
"219",219,8.989971,49.469445,"Eberbach","F18",0.56,0.64,0.17,1,0.79,0.93,0.47,0.37,0.62,0.88,0.13,0.08,0.09,0.28,0.485714285714286
"220",220,9.004156,49.680008,"Michelstadt","F19",1,0.83,0.65,0.7,0.1,0.89,0.4,0.14,0.79,0.9,0.4,0.16,0.13,1,0.535
"221",221,8.928737,50.12644,"Hanau","F20",0.63,1,0.83,0.89,0.08,0.95,0.6,0.91,1,1,0.13,0.24,0.12,0.48,0.575
"222",222,9.135956,49.980743,"Aschaffenburg","F21",0.63,0.74,0.3,0.77,0.24,0.88,0.5,0.47,1,0.91,0.22,0.19,0.15,0.96,0.530714285714286
"223",223,9.51276,49.758485,"Wertheim","F22",0.65,0.79,0.11,0.63,0.46,0.92,0.58,0.24,0.76,0.96,0.13,0.1,0.85,0.54,0.539285714285714
"224",224,9.770382,49.4883,"Bad Mergentheim","F23",0.67,0.49,0.02,0.55,0.99,0.84,0.6,0.24,0.77,1,0.07,0.07,0.09,0.98,0.558571428571428
"225",225,9.706153,50.049008,"Gem_nden","F24",1,0.96,0.07,0.61,0.96,0.71,0.39,0.17,0.78,0.99,0.17,0.13,0.18,0.91,0.598571428571429
"226",226,9.953549,49.791234,"W_rzburg","F25",0.81,0.9,0.05,0.61,0.41,0.64,0.63,0.29,0.76,0.22,0.19,0.14,0.34,0.83,0.472857142857143
"227",227,10.219728,50.049194,"Schweinfurt","F26",0.37,0.5,0.02,0.46,0.29,0.57,0.62,0.14,0.38,0.95,0.89,0.99,0.43,0.68,0.508571428571429
"228",228,10.90273,49.898711,"Bamberg","F27",1,0.39,0.0600000000000001,0.53,0.31,0.51,0.43,0.13,0.42,NA,0.1,0.22,0.35,1,0.402307692307692
"229",229,10.962631,50.261128,"Coburg","F28",NA,0.9,0.96,0.59,0.5,1,0.7,0.17,1,0.97,0.82,NA,0.24,1,0.73
"230",230,11.011782,49.589509,"Erlangen","F29",0.29,0.92,0.07,0.61,0.35,1,0.53,0.32,0.79,NA,0.81,0.14,0.21,0.55,0.486923076923077
"231",231,11.444414,50.103832,"Kulmbach","F30",0.97,0.31,0.22,0.54,0.62,1,1,0.09,0.41,0.97,0.07,0.79,0.45,1,0.608571428571429
"232",232,11.571466,49.945635,"Bayreuth","F31",0.96,0.26,0.83,0.43,0.35,1,0.54,0.2,0.47,0.33,0.16,NA,0.19,1,0.510769230769231
"233",233,11.912619,50.313693,"Hof","F32",0.28,0.26,0.66,0.56,0.46,1,0.42,0.12,1,0.29,0.12,NA,0.15,1,0.478461538461538
"234",234,12.089986,50.003437,"Marktredwitz","F33",0.9,0.1,1,0.5,0.9,0.92,1,0.15,0.97,0.99,0.01,NA,0.0600000000000001,0.25,0.626923076923077
"235",235,12.149049,49.674011,"Weiden","F34",NA,0.2,0.14,0.48,0.85,0.22,0.88,0.11,1,0.26,0.08,0.62,0.03,0.4,0.433846153846154
"236",236,6.751912,49.313459,"Saarlouis","G1",0.28,1,0.48,1,0.17,0.92,0.3,0,0.79,0.77,0.53,0.7,0.1,0.68,0.492142857142857
"237",237,6.996704,49.240136,"Saarbr_cken","G2",NA,1,0.58,0.95,0.17,0.94,0.38,0,0.71,0.57,0.55,0.56,0.0600000000000001,0.91,0.507692307692308
"238",238,7.18595,49.351634,"Neunkirchen","G3",0.86,1,0.34,0.09,0.85,NA,0.19,0,0.68,0.45,0.31,0.92,0.08,0.62,0.55
"239",239,7.363652,49.245027,"Zweibr_cken","G4",1,0.89,0.4,0.76,0.4,0.92,0.4,0.69,0.64,0.54,0.28,0.76,0.07,0.19,0.541428571428571
"240",240,7.600252,49.201574,"Pirmasens","G5",1,0.84,0.42,0.67,1,0.94,0.24,0.27,0.58,0.34,0.36,0.81,0.09,0.13,0.572857142857143
"241",241,8.118336,49.198981,"Landau (pfalz)","G6",0.69,0.93,0.62,0.63,0.1,0.5,0.44,0.3,0.73,0.59,0.63,0.5,0.04,0.12,0.449285714285714
"242",242,8.148844,49.350155,"Neustadt (weinstra_e)","G7",0.51,0.81,0.38,0.65,0.08,0.93,0.53,0.31,0.75,0.81,0.42,0.56,0.15,0.13,0.460714285714286
"243",243,8.205488,48.859154,"Rastatt","G8",0.67,0.48,0.3,0.1,0.3,0.89,0.55,0.2,0.63,0.43,0.21,0.16,0.14,1,0.447142857142857
"244",244,8.228405,48.76574,"Baden-Baden","G9",0.58,0.48,0.35,0.95,0.99,0.84,0.56,0.38,0.7,0.63,0.25,0.14,0.24,1,0.580714285714286
"245",245,8.366789,49.213893,"Germerscheim","G10",0.57,0.81,0.69,0.88,0.15,0.87,0.47,0.26,0.56,0.61,0.39,0.51,0.07,0.24,0.453571428571429
"246",246,8.403702,49.006976,"Karlsruhe","G11",0.53,0.51,0.18,0.1,0.41,0.62,0.7,0.53,0.78,0.79,0.34,0.27,0.12,0.92,0.507857142857143
"247",247,8.441032,49.317197,"Speyer","G12",0.52,0.84,0.6,0.65,0.07,NA,0.55,0.4,0.66,0.78,0.44,0.42,0.12,0.19,0.435384615384615
"248",248,8.584601,49.1251,"Bruchsal","G13",0.49,0.56,0.07,0.98,0.33,0.59,0.54,0.25,0.62,0.75,0.18,0.07,0.07,0.47,0.38
"249",249,8.695113,48.892268,"Pforzheim","G14",0.43,0.41,0.03,0.27,NA,0.38,0.6,0.36,0.61,0.53,0.12,0.12,0.02,0.9,0.375833333333333
"250",250,8.74734,48.712181,"Calw","G15",0.46,0.22,0.05,0.5,0.0600000000000001,0.21,0.75,0.28,0.62,0.88,0.18,0.24,0.03,0.95,0.356428571428571
"251",251,8.672312,49.398649,"Heidelberg","G16",0.53,0.8,0.9,1,0.24,0.8,0.75,0.67,0.84,0.98,0.33,0.21,0.16,0.65,0.578571428571429
"252",252,9.194928,48.893691,"Ludwigsburg","G17",0.69,0.2,0.04,0.81,0.09,0.92,0.68,0.3,0.61,0.87,0.21,0.26,0.04,0.91,0.422142857142857
"253",253,9.183187,48.775698,"Stuttgart","G18",0.33,0.29,0.04,0.45,0.1,0.37,0.81,0.43,0.73,0.8,0.21,0.4,0.04,0.87,0.394285714285714
"254",254,9.210642,49.142671,"Heilbronn","G19",0.49,0.41,0.05,0.43,0.1,0.45,0.7,0.33,0.61,1,0.12,0.16,0.02,0.98,0.394285714285714
"255",255,9.651405,48.705244,"G_ppingen","G20",0.38,0.26,0.0600000000000001,0.52,0.0600000000000001,0.3,0.68,0.18,0.58,0.5,0.16,0.29,0.05,0.7,0.304285714285714
"256",256,9.737327,49.112479,"Schw_bisch Hall","G21",0.68,0.28,0.0600000000000001,0.38,0.1,0.32,0.59,0.25,0.46,1,0.12,0.16,0.02,0.97,0.365
"257",257,9.804527,48.799628,"Schw_bisch Gm_nd","G22",0.44,0.25,0.02,0.98,0.03,0.32,0.68,0.18,0.52,0.61,0.09,0.79,0.03,0.98,0.355
"258",258,9.829415,48.621406,"Geislingen","G23",0.39,0.22,0.04,0.46,0.07,0.33,0.64,0.22,0.55,0.55,0.07,0.27,0.0600000000000001,0.63,0.293571428571429
"259",259,10.161633,48.689436,"Heidenheim","G24",0.36,0.25,0.0600000000000001,0.45,0.1,NA,0.69,0.22,0.64,0.51,0.11,0.35,0.0600000000000001,0.99,0.341538461538462
"260",260,10.097018,48.836674,"Aalen","G25",0.45,0.31,0.03,0.55,0.1,NA,0.67,0.14,0.62,0.56,0.11,0.49,0.03,0.99,0.353846153846154
"261",261,10.130461,48.962749,"Ellwangen","G26",0.42,0.21,0.03,0.36,0.07,0.4,0.55,0.11,0.6,0.46,0.05,0.26,0.03,0.67,0.280714285714286
"262",262,10.185984,49.379764,"Rothenbug ob der Tauber","G27",0.33,0.94,0.05,0.55,0.18,0.92,0.31,0.15,0.77,NA,0.11,1,NA,1,0.495
"263",263,10.489505,48.850849,"N_rdlingen","G28",0.34,0.29,0.01,0.4,0.2,0.36,0.68,0.2,0.62,0.65,0.08,0.27,0.16,0.98,0.36
"264",264,10.571589,49.300632,"Ansbach","G29",1,0.58,0,0.47,0.15,0.41,0.36,0.15,0.76,NA,0.08,1,0.23,0.96,0.448461538461538
"265",265,10.777654,48.718777,"Donauw_rth","G30",0.16,0.28,0.01,0.52,0.4,0.19,0.79,0.35,0.75,0.84,0.07,0.39,0.19,1,0.415714285714286
"266",266,10.971537,49.027063,"Wei_enberg","G31",1,0.27,0.03,0.57,0.22,0.42,0.78,0.15,0.79,0.89,0.1,1,0.27,0.51,0.475
"267",267,10.988556,49.47703,"F_rth","G32",0.39,0.97,0.02,0.6,0.18,0.57,0.64,0.17,1,NA,0.32,1,0.66,0.26,0.489230769230769
"268",268,11.079025,49.425442,"N_rnberg","G33",1,0.55,0.07,0.58,0.19,0.67,0.67,0.31,0.73,NA,0.81,1,0.34,0.44,0.536153846153846
"269",269,11.425966,48.766688,"Ingolstadt","G34",NA,0.21,0.02,0.55,0.04,0.12,0.82,0.33,0.87,0.62,0.14,0.39,0.12,0.18,0.3
"270",270,11.466498,49.277229,"Neumarkt","G35",0.42,0.27,0.03,0.42,0.36,0.24,0.88,0.1,0.71,NA,0.18,NA,0.05,1,0.383333333333333
"271",271,11.863332,49.440191,"Amberg","G36",NA,0.25,0.05,0.54,0.19,0.94,1,0.18,0.98,0.29,0.13,NA,0.1,0.98,0.44
"272",272,11.886693,48.918076,"Kelheim","G37",1,0.16,0,0.51,0.01,0.08,0.76,0.51,0.31,0.57,0.93,0.2,0.1,0.11,0.339285714285714
"273",273,12.102147,49.013736,"Regensburg","G38",NA,0.27,0.09,0.57,0.08,0.18,0.75,0.19,0.39,0.99,0.85,0.26,0.11,0.26,0.346153846153846
"274",274,12.579118,48.877737,"Straubing","G39",0.44,0.18,0.01,0.45,0.01,0.1,0.87,0.98,0.25,0.52,0.95,0.33,0.07,0.18,0.35
"275",275,12.662619,49.223832,"Cham","G40",NA,0.14,0.01,0.41,0.01,0.0600000000000001,0.81,0.23,0.42,0.56,0.16,0.96,0.08,0.14,0.276153846153846
"276",276,12.691601,48.682918,"Landau (Isar)","G41",NA,0.19,0.01,0.49,0.02,0.0600000000000001,0.82,0.0600000000000001,0.34,0.5,0.04,0.72,0.09,1,0.297692307692308
"277",277,12.95776,48.840828,"Deggendorf","G42",1,0.21,0.05,0.51,0.04,0.07,0.65,0.13,0.43,0.57,0.1,0.55,0.14,0.25,0.302142857142857
"278",278,7.670863,47.616901,"L_rrach","H1",0.47,0.24,0.76,1,0.5,0.92,0.84,0.71,0.78,0.26,0.37,0.67,0.09,0.97,0.577142857142857
"279",279,7.843068,47.998863,"Freiburg","H2",0.57,0.39,0.13,1,0.38,0.92,0.9,0.6,0.76,0.73,0.28,0.21,0.65,0.88,0.555714285714286
"280",280,7.878054,48.33928,"Lahr","H3",0.64,0.36,0.57,0.93,0.28,0.5,0.39,0.22,0.63,0.37,0.18,0.3,0.69,0.91,0.451428571428571
"281",281,7.949655,48.473454,"Offenburg","H4",0.6,0.38,0.39,0.16,1,0.57,0.47,0.31,0.62,0.48,0.21,0.22,0.77,0.93,0.567857142857143
"282",282,8.272045,47.632845,"Waldshut","H5",0.74,0.61,1,0.36,0.3,0.4,0.74,0.54,0.32,1,0.21,0.6,0.18,0.95,0.563571428571429
"283",283,8.458537,48.058014,"Villingen-Schwenningen","H6",0.55,0.35,0.08,0.05,0.09,0.32,0.7,0.51,0.75,0.65,0.16,0.23,0.13,0.94,0.396428571428571
"284",284,8.417187,48.464473,"Freudenstadt","H7",1,0.27,0.04,0.67,0.17,0.33,0.71,0.3,0.7,0.91,0.1,0.18,0.02,0.8,0.407142857142857
"285",285,8.631544,48.161194,"Rottweil","H8",1,0.25,0.02,0.0600000000000001,0.07,0.29,0.8,0.26,0.61,0.68,0.16,0.26,0.04,0.95,0.39
"286",286,8.819043,47.982382,"Tuttlingen","H9",0.62,0.33,0.05,0.91,0.22,0.37,0.76,0.38,0.82,0.74,0.14,0.34,0.08,0.94,0.429285714285714
"287",287,8.87234,47.767079,"Singen","H10",0.62,0.36,0.23,0.41,0.38,0.42,0.75,0.38,0.6,0.66,0.27,0.47,0.09,1,0.472142857142857
"288",288,9.031459,48.210196,"Ebingen","H11",0.38,0.33,0.03,0.64,0.0600000000000001,0.25,0.96,0.17,0.63,0.8,0.14,1,0.0600000000000001,0.64,0.393571428571429
"289",289,9.05747,48.521591,"T_bingen","H12",0.34,0.21,0.03,0.5,0.17,0.28,0.48,0.49,0.69,0.79,0.13,0.17,0.07,0.93,0.353571428571429
"290",290,9.17331,47.677804,"Konstanz","H13",0.51,0.48,0.07,0.78,0.43,0.56,0.8,0.72,0.71,0.85,0.23,0.27,0.12,1,0.512857142857143
"291",291,9.2034,48.506799,"Reutlingen","H14",0.42,0.25,0.04,0.43,0.07,0.28,0.69,0.22,0.53,0.5,0.24,0.36,0.1,0.66,0.316428571428571
"292",292,9.480926,47.661749,"Friedrichshafen","H15",0.5,0.48,0.09,0.6,0.18,0.35,0.66,0.5,0.88,1,0.12,1,0.09,0.86,0.492142857142857
"293",293,9.611587,47.778247,"Ravensburg","H16",0.4,0.39,0,1,0.16,0.3,0.77,0.39,0.78,0.89,0.12,0.28,0.07,0.78,0.392142857142857
"294",294,9.678776,47.579816,"Lindau","H17",0.58,0.56,0.05,0.68,0.3,0.62,0.63,0.93,1,1,0.14,0.63,0.14,0.98,0.561428571428571
"295",295,9.790218,48.094905,"Biberach","H18",0.45,0.4,0.05,0.77,0.15,0.39,0.64,0.27,0.78,0.72,0.14,NA,0.05,0.79,0.383076923076923
"296",296,9.987219,48.401273,"Ulm","H19",0.33,0.34,0.04,0.99,0.12,0.37,0.68,0.35,0.75,0.58,0.12,0.32,0.03,0.68,0.345
"297",297,10.006193,48.390471,"Neu Ulm","H20",0.39,0.45,0.03,0.6,0.14,0.4,0.78,0.3,0.77,0.63,0.07,0.33,0.11,1,0.395714285714286
"298",298,10.180452,47.983974,"Memmingen","H21",0.74,0.96,0.03,0.76,0.38,0.46,0.57,0.04,0.77,NA,0.08,0.43,0.15,0.88,0.451538461538462
"299",299,10.315827,47.728538,"Kempten","H22",1,0.16,0.04,0.75,0.33,0.47,0.87,0.02,0.73,1,0.05,0.62,0.84,0.93,0.527857142857143
"300",300,10.625853,47.883079,"Kaufbeuren","H23",1,0.26,0.03,0.88,0.74,0.37,0.71,0.09,0.86,1,0.15,0.42,0.44,0.92,0.552142857142857
"301",301,10.700796,47.569392,"F_ssen","H24",NA,0.18,0.1,0.64,0.61,0.32,0.92,1,0.78,1,0.11,0.61,0.38,1,0.586153846153846
"302",302,10.897413,48.370523,"Augsburg","H25",0.18,0.24,0.05,0.5,0.44,0.37,0.62,0.12,0.77,1,0.05,0.71,0.33,1,0.451428571428571
"303",303,10.869196,48.050685,"Landsberg","H26",0.37,0.2,0.02,0.6,0.08,0.28,0.71,0.0600000000000001,0.9,0.88,0.15,0.8,0.84,0.95,0.451428571428571
"304",304,11.094922,47.491639,"Garmisch-Partenkirchen","H27",1,0.12,0.0600000000000001,0.49,0.03,0.08,0.91,0.0600000000000001,0.82,0.69,0.16,0.42,0.04,0.35,0.340714285714286
"305",305,11.242911,48.173913,"F_rstenfeldbruck","H28",NA,0.23,0.03,0.46,0.04,0.24,0.8,0.02,0.29,0.7,0.13,0.73,0.04,0.44,0.286923076923077
"306",306,11.434287,48.262953,"Dachau","H29",0.91,0.21,0.03,0.51,0.01,0.16,0.74,0.01,0.79,0.69,0.15,0.31,0.0600000000000001,0.28,0.311428571428571
"307",307,11.58209,48.135132,"M_nchen","H30",0.83,0.33,0.02,0.56,0.12,0.39,0.67,0.04,0.38,0.88,0.24,0.24,0.1,0.55,0.350714285714286
"308",308,11.564936,47.761354,"Bad T_lz","H31",NA,0.15,0.05,0.42,0.01,0.1,0.73,0.03,0.78,0.67,0.18,0.31,0.04,0.23,0.253076923076923
"309",309,11.741374,48.402906,"Freising","H32",1,0.21,0.03,0.52,0.02,0.0600000000000001,0.74,0.04,0.86,0.55,0.16,0.24,0.05,0.36,0.31
"310",310,12.118474,47.857007,"Rosenheim","H33",1,0.18,0.01,0.47,0.03,0.11,0.76,0.02,0.81,0.51,0.13,0.26,0.04,0.23,0.294285714285714
"311",311,12.146898,48.544213,"Landshut","H34",NA,0.27,0.05,0.55,0.0600000000000001,0.09,0.78,0.03,0.98,0.56,0.21,NA,0.04,0.26,0.2825
"312",312,12.521912,48.245721,"M_hldorf am inn","H35",NA,0.19,0.03,0.46,0,0.14,0.75,0.01,0.3,0.61,0.23,NA,0.07,0.22,0.2125
"313",313,12.638341,47.867645,"Traunstein","H36",NA,0.15,0.05,0.55,0.04,0.1,0.82,0.05,0.32,0.66,0.14,0.43,0.02,0.25,0.236153846153846
"314",314,12.881574,47.730298,"Bad Reichenhall","H37",NA,0.22,0.16,0.51,0.1,0.18,0.82,0.0600000000000001,0.83,0.6,0.28,0.47,0.04,0.29,0.319230769230769
"315",315,13.432309,48.566804,"Passau","H38",1,0.25,0.11,0.43,0.7,0.07,0.68,0.07,0.84,0.59,0.16,0.4,0.98,0.2,0.482142857142857
"316",316,13.014096,48.238446,"Braunau","H51",0.57,0.36,0.83,0.46,0.43,0.18,0.77,0.3,0.11,0.5,0.34,0.9,0.23,0.0600000000000001,0.429285714285714
"317",317,13.053688,47.809966,"Salzburg","H52",NA,0.25,0.49,0.39,0.34,0.4,0.58,0.11,0.16,0.58,0.21,0.94,0.05,0.08,0.348461538461538
"318",318,13.43291,48.460128,"Sch_rding","H53",0.59,0.34,0.96,0.44,0.52,0.11,0.78,0.57,0.18,0.45,0.35,0.74,0.23,0.11,0.460714285714286
"319",319,13.344713,47.855078,"Mondsee","H54",NA,1,0.97,0.79,0.22,0.21,0.67,0.66,0.16,0.5,0.1,1,0.17,0.12,0.461538461538462
"320",320,13.492107,48.21289,"Ried im Innkreis","H55",NA,0.34,0.71,0.79,0.28,0.19,0.46,0.54,0.11,0.43,0.24,0.88,0.82,0.0600000000000001,0.410769230769231
"321",321,13.620995,47.712365,"Bad Ischl","H56",NA,1,0.54,0.9,0.17,0.51,0.49,0.42,1,0.14,0.33,0.59,0.11,0.05,0.424615384615385
"322",322,13.799525,47.918549,"Gmunden","H57",NA,0.27,0.44,0.85,0.14,0.52,0.32,0.6,0.14,0.29,0.09,0.6,0.56,0.0600000000000001,0.320769230769231
"323",323,14.037595,48.165518,"Wels","H58",0.45,0.39,1,0.82,0.15,0.4,0.31,0.28,1,0.26,0.2,0.67,0.33,0.1,0.406428571428571
"324",324,14.285835,48.306883,"Linz","H59",NA,0.32,0.13,0.78,0.76,0.71,0.68,0.29,0.0600000000000001,0.3,0.19,0.63,0.73,0.05,0.431538461538462
"325",325,14.418232,48.050059,"Steyr","H60",NA,0.38,0.09,0.88,0.8,0.47,0.62,0.47,0.1,1,0.24,0.65,0.55,0.01,0.475384615384615
"326",326,14.501972,48.50209,"Freistadt","H61",NA,0.22,0.98,0.88,0.33,0.62,0.24,0.35,0.07,0.3,0.15,1,0.24,0.03,0.373846153846154
"327",327,14.772947,47.960293,"Waidhofen","H62",0.57,0.34,0.11,0.07,0.77,0.36,0.35,0.39,0.18,0.38,0.66,0.76,0.1,0.03,0.412142857142857
"328",328,14.869223,48.124963,"Amtstetten","H63",NA,0.33,0.05,0.96,0.67,0.36,0.28,0.94,0.13,1,0.65,0.93,0.89,0.04,0.533846153846154
"329",329,14.986709,48.772774,"Gm_nd","H64",1,0.39,0.0600000000000001,0.72,0.32,0.17,0.76,0.04,0.15,1,0.1,0.93,0.91,0.02,0.440714285714286
"330",330,15.604023,48.409906,"Krems an der Donau","H65",0.51,0.37,0.05,0.09,0.74,0.42,0.48,0.07,0.08,0.37,0.15,0.9,0,0.04,0.351428571428571
"331",331,15.638308,48.203579,"St. P_lten","H66",0.48,0.47,0.09,0.87,0.23,0.37,0.42,0.22,0.07,0.44,0.14,0.85,0.04,0.01,0.29
"332",332,16.231039,48.002053,"Baden bei Wien","H67",0.44,1,NA,0.83,0.83,0.59,0.68,0.11,0.93,0.31,0.98,0.95,0.03,0.05,0.594615384615385
"333",333,16.23307,47.802148,"Wiener Neustadt","H68",0.46,0.3,0.05,0.65,0.86,0.5,0.61,0.08,0.42,1,0.13,0.84,0.88,0.02,0.500714285714286
"334",334,16.37333,48.208182,"Wien","H69",1,1,0.09,0.66,0.31,0.53,0.52,0.14,0.92,0.37,0.18,0.7,0.05,0.05,0.440714285714286
"335",335,16.387598,48.718786,"Laa an der Thaya","H70",0.5,0.87,0.0600000000000001,0.69,0.56,1,0.62,0.05,0.83,1,0.93,0.87,0.02,0.07,0.567142857142857
"336",336,16.527964,47.846321,"Eisenstadt","H71",0.3,0.9,1,0.66,0.47,0.25,0.62,0.01,0.86,0.28,0.17,0.75,0.18,0.0600000000000001,0.451428571428571
"337",337,16.572617,48.567388,"Mistelbach","H72",0.45,1,0.07,0.48,0.55,0.44,0.32,0.02,0.91,0.26,0.23,0.86,0.01,0.01,0.405714285714286
"338",338,7.245908,47.137046,"Biel","I1",0.14,0.03,NA,0,0.51,1,0.1,0.04,0.19,0.17,0.02,0.16,1,0.13,0.307692307692308
"339",339,7.447217,46.947985,"Bern","I2",0.09,0,0.4,0.05,1,0.46,0.09,0.04,0.85,0.16,0.05,0.23,0.04,0.98,0.385
"340",340,7.533844,47.208916,"Solothurn","I3",0.46,0.02,0.29,0.02,1,0.73,0.11,0.0600000000000001,0.15,0.23,0.04,0.17,0.07,1,0.380714285714286
"341",341,7.628101,46.757896,"Thun","I4",0.1,0.01,0.36,0.02,0.98,1,0.05,0.96,0.84,0.09,0.05,0.15,0.04,0.17,0.412857142857143
"342",342,7.647474,46.58995,"Frutigen","I5",0.12,0.03,0.18,0.02,NA,1,0.08,0.08,0.89,0.09,0.13,0.15,0.04,1,0.315833333333333
"343",343,7.627279,47.055973,"Burgdorf","I6",0.11,0.03,0.15,0.05,1,NA,0.91,0.03,0.14,0.09,0.04,0.15,0.04,1,0.360769230769231
"344",344,7.58883,47.559371,"Basel","I7",0.19,0.04,0.43,1,0.51,0.79,0.15,0.1,0.25,0.21,0.01,0.25,0.1,1,0.324285714285714
"345",345,7.749941,46.020846,"Zermatt","I8",0.09,0.38,0.88,0.98,NA,0.82,0.79,0.13,0.59,0.41,1,0.99,0.09,NA,0.560909090909091
"346",346,7.882108,46.294749,"Visp","I9",0.08,0.33,0.87,0.05,1,0.77,1,0.11,0.68,0.4,0.34,0.27,0.09,0.55,0.535
"347",347,7.98768,46.31587,"Brig","I10",0.07,0.46,0.88,1,1,0.81,1,0.0600000000000001,0.62,0.35,0.43,0.25,0.01,0.49,0.530714285714286
"348",348,7.903864,47.349936,"Olten","I11",0.85,0.0600000000000001,0.38,0.03,1,1,0.09,0.09,1,0.59,0.04,0.23,0.04,1,0.526428571428571
"349",349,8.047979,47.390161,"Aarau","I12",0.91,0.01,0.33,0.05,1,0.83,0.08,0.09,0.16,1,0.01,0.22,0.0600000000000001,1,0.478571428571429
"350",350,8.245777,46.895855,"Kerns, Sarnen","I13",0.04,0.02,0.37,0.03,1,1,0.08,0.14,0.2,1,0.2,0.2,0.0600000000000001,1,0.450714285714286
"351",351,8.172053,47.390458,"Lenzburg","I14",0.04,0.04,0.34,0.03,1,1,0.04,0.07,0.12,1,0.02,0.16,0.04,1,0.419285714285714
"352",352,8.309281,47.050087,"Luzern","I15",0.05,0.03,0.28,0,1,0.91,0.07,0.04,0.15,1,0.02,0.13,0.03,1,0.407857142857143
"353",353,8.308184,47.472986,"Baden","I16",0.07,0.03,0.42,0.01,1,0.89,0.1,0.03,0.13,1,0.02,0.15,0.03,NA,0.374615384615385
"354",354,8.516513,47.166665,"Zug","I17",0.08,0.04,0.43,0.01,1,0.83,0.08,1,0.14,1,0.01,0.15,0.04,NA,0.446153846153846
"355",355,8.541624,47.37689,"Z_rich","I18",0.08,0.04,0.49,0.03,1,1,0.07,0.08,0.2,0.08,0.01,0.23,0.04,NA,0.332307692307692
"356",356,8.653707,47.020524,"Schwyz","I19",0.05,0.03,0.39,0.1,1,0.86,0.1,0.98,1,1,0.15,0.82,0.0600000000000001,1,0.602857142857143
"357",357,8.638134,47.696055,"Schaffhausen","I20",0.09,0.03,0.44,0.07,1,0.4,0.11,0.07,1,1,0.03,0.19,0.07,0.98,0.457857142857143
"358",358,8.723967,47.498671,"Winterthur","I21",0.07,0.04,0.36,1,0.97,0.28,0.1,0.05,0.2,1,0,0.2,0.04,1,0.377142857142857
"359",359,9.068014,47.041038,"Glarus","I22",0.04,0.04,0.38,0.03,0.77,0.78,1,0.16,0.23,1,0.0600000000000001,0.2,0.05,1,0.462857142857143
"360",360,9.378248,47.42478,"St. Gallen","I23",0.0600000000000001,0.03,0.42,0.02,0.99,0.42,0.08,0.12,0.15,1,0.0600000000000001,0.21,0.07,1,0.4
"361",361,9.440514,47.047832,"Sargans","I24",0.01,0.12,0.39,0.05,NA,0.49,0.1,0.1,0.2,1,0.18,0.21,0.0600000000000001,1,0.321666666666667
"362",362,9.532648,46.850592,"Chur","I25",0.05,0.05,0.49,0.03,1,0.45,0.15,0.14,0.19,1,0.08,0.21,0.07,1,0.42
"363",363,9.836508,46.802955,"Davos","I26",0.09,0.05,0.51,0.08,1,0.45,0.12,0.14,0.8,1,0.22,0.23,0.08,1,0.477857142857143
"364",364,11.152488,46.671087,"Meran","I41",NA,1,0.25,0.48,0.9,0.24,0.31,0.91,0.67,0.66,0.27,0.61,1,0.7,0.647692307692308
"365",365,11.355288,46.49804,"Bozen","I42",NA,1,0.25,0.47,0.59,0.23,0.29,0.1,0.67,0.76,0.37,0.86,1,0.76,0.574615384615385
"366",366,11.657458,46.717641,"Brixen","I43",NA,1,0.33,0.49,0.74,0.25,0.79,0.1,0.75,0.78,0.92,0.83,1,0.25,0.652307692307692
"367",367,11.938022,46.79706,"Bruneck","I44",NA,1,0.36,0.49,0.42,0.3,0.36,0.83,0.72,0.62,0.9,0.61,1,0.94,0.652307692307692
"368",368,12.281403,46.730296,"Innichen","I45",NA,1,0.44,0.53,0.3,0.4,0.25,0.16,0.85,0.86,0.48,0.57,1,0.78,0.568461538461538
"369",369,9.599891,47.241573,"Feldkirch","I51",0.11,0.58,0.28,0.61,0.77,0.92,0.35,0.03,0.27,0.95,0.08,0.66,0.14,0.79,0.478571428571429
"370",370,9.743476,47.412642,"Dornbirn","I52",0.09,0.6,0.29,0.53,0.97,0.18,0.35,0.03,0.7,0.3,0.11,0.77,0.19,0.63,0.441428571428571
"371",371,9.741845,47.500611,"Bregenz","I53",0.13,0.77,0.41,0.67,0.95,0.95,0.41,0.02,0.77,0.47,0.15,0.25,0.12,1,0.525
"372",372,9.81036,47.160184,"Bludenz","I54",0.18,0.66,0.37,0.91,0.46,0.85,0.39,0.02,0.75,0.95,0.09,0.32,1,0.79,0.520714285714286
"373",373,10.563383,47.140488,"Landeck","I55",NA,1,0.33,0.53,0.91,0.27,0.36,0.04,0.83,0.71,0.07,0.75,0.05,0.57,0.523076923076923
"374",374,10.739715,47.240547,"Imst","I56",NA,1,0.3,0.55,0.24,0.17,0.3,0.03,0.8,0.54,0.09,0.76,0.04,0.56,0.39
"375",375,11.404763,47.269381,"Innsbruck","I57",1,0.39,0.47,0.48,0.76,0.33,0.33,0.01,0.17,0.81,0.1,0.3,0.01,0.12,0.397142857142857
"376",376,12.15785,47.447657,"Hopfgarten","I58",0.77,1,0.36,0.49,0.23,1,0.36,0.22,0.24,0.67,0.15,0.66,0.0600000000000001,0.07,0.43
"377",377,12.162477,47.582496,"Kufstein","I59",NA,0.41,0.55,0.51,0.2,0.12,0.51,0.04,0.14,0.83,0.15,0.79,0.08,0.09,0.316153846153846
"378",378,12.538984,47.000434,"Matrei","I60",1,1,0.55,0.58,0.82,1,1,0.19,0.2,0.92,0.65,0.61,1,1,0.768571428571429
"379",379,12.796697,47.323348,"Zell am See","I61",0.56,0.24,0.88,0.55,0.26,0.17,0.4,0.97,0.83,0.8,0.2,0.68,0.04,0.04,0.452142857142857
"380",380,12.763176,46.827658,"Lienz","I62",0.7,0.3,0.65,0.72,0.71,0.52,0.34,0.11,0.88,0.96,0.28,0.75,1,0.16,0.576428571428571
"381",381,13.100771,47.682328,"Hallein","I63",NA,0.22,0.88,0.73,0.32,0.31,0.58,0.76,0.9,0.85,0.2,0.89,0.11,0.11,0.496153846153846
"382",382,13.133411,47.11352,"Badgastein","I64",0.5,0.29,0.9,0.75,0.29,1,0.52,0.41,0.19,0.76,0.97,0.77,0.1,0.03,0.501428571428571
"383",383,13.218545,47.417288,"Bischofshofen","I65",1,0.3,0.93,0.74,0.22,0.1,0.55,0.66,0.89,0.95,0.1,0.76,0.02,0.08,0.484285714285714
"384",384,13.371227,46.627477,"Hermagor","I66",NA,0.39,0.17,0.95,0.58,0.89,0.49,0.02,0.17,0.5,0.92,0.67,0.99,0.82,0.553076923076923
"385",385,13.493281,46.799454,"Spittal","I67",0.67,0.27,0.31,0.98,0.37,0.22,0.55,0.08,0.05,1,0.92,0.84,0.44,0.31,0.457142857142857
"386",386,13.850841,46.60828,"Villach","I68",0.57,0.39,1,0.95,0.48,0.39,0.56,0.1,0.14,0.23,0.81,0.8,0.19,0.21,0.453571428571429
"387",387,13.810258,47.129753,"Tamsweg","I69",NA,0.21,0.97,0.76,0.71,0.19,0.39,0.51,0.16,0.95,0.27,0.73,0.07,0.07,0.456923076923077
"388",388,14.243323,47.567361,"Liezen","I70",NA,0.2,0.38,0.85,0.64,0.53,0.56,0.45,0.17,1,0.11,0.75,0.07,0.09,0.43
"389",389,14.312256,46.636539,"Klagenfurt","I71",0.4,0.34,0.14,0.0600000000000001,0.4,0.93,0.57,0.03,1,0.17,0.81,0.63,0.12,0.09,0.430714285714286
"390",390,14.361602,46.76754,"St. Veit an der Glan","I72",0.45,0.41,0.99,0.1,0.43,0.26,0.52,0.02,0.11,0.33,0.92,0.67,0.14,0.45,0.437857142857143
"391",391,14.658288,47.168109,"Judenburg","I73",0.26,0.38,0.16,0.92,0.57,0.64,0.59,0.77,0.12,1,0.23,0.68,0.04,0.04,0.432142857142857
"392",392,14.676357,47.207773,"Fohnsdorf","I74",0.22,0.33,0.11,0.96,0.39,0.64,0.6,0.5,0.16,0.33,0.18,1,0.02,0.02,0.349285714285714
"393",393,14.827141,47.215911,"Knittelfeld","I75",0.36,0.26,0.16,0.93,0.26,0.61,0.61,0.6,0.89,1,0.95,0.82,0.04,0.01,0.487857142857143
"394",394,14.842727,46.840583,"Wolfsberg","I76",0.46,0.32,0.99,0.98,0.73,0.24,0.45,0.05,0.9,1,0.87,0.85,0.02,0.16,0.555
"395",395,15.090731,47.376435,"Leoben","I77",0.25,0.29,0.11,0.82,0.25,0.39,0.51,0.37,0.14,0.25,0.17,0.8,0.87,0.04,0.335
"396",396,15.269009,47.409682,"Bruck an der Mur","I78",0.32,0.29,0.12,0.88,0.76,0.31,0.47,0.49,0.65,0.2,0.17,0.77,0.82,0.03,0.44
"397",397,15.279211,47.443327,"Kapfenberg","I79",0.23,0.38,0.09,0.89,0.19,0.23,0.51,0.52,0.45,0.27,0.13,0.66,0.12,0.04,0.286428571428571
"398",398,15.439794,47.070799,"Graz","I80",0.23,0.34,0.14,0.22,0.54,0.3,0.44,0.19,0.16,0.33,0.2,0.65,0.28,0.05,0.313571428571429
"399",399,15.560563,46.794008,"Leibnitz","I81",1,0.24,0.99,0.86,0.62,0.23,0.6,0.11,0.15,0.25,0.23,0.81,0.3,0.07,0.444285714285714
"400",400,15.672228,47.606871,"M_rzzuschlag","I82",0.47,0.26,0.07,0.82,0.29,0.22,0.57,0.71,0.3,1,0.28,0.95,0.64,0.02,0.433571428571429
"401",401,16.080266,47.047876,"F_rsenfeld","I83",0.22,0.29,0.19,0.9,0.63,0.19,0.62,0.18,0.1,0.39,0.33,0.88,0.3,0.03,0.355714285714286
"402",402,16.198858,47.294966,"Oberwart","I84",0.43,0.28,0.1,0.68,0.52,0.18,0.41,0.07,0.23,0.32,0.88,NA,0.18,0.02,0.318461538461538
"403",403,6.131188,49.611221,"Luxemburg","F0",NA,NA,1,1,NA,0.53,0.3,NA,NA,NA,0.26,NA,1,NA,0.618
"404",404,11.239861,46.413602,"Kaltern","I40",NA,NA,0.29,0.5,NA,0.23,0.31,NA,NA,NA,0.77,NA,1,NA,0.52
